"nproduit","ndci"
1543,1853
1544,1803
1545,988
1546,992
1547,938
1548,206
1550,1100
1551,925
1552,1040
1553,927
1554,927
1555,927
1557,577
1558,1792
1559,1792
1560,1603
1561,1403
1562,1794
1563,1314
1564,710
1565,1727
1566,162
1567,740
1568,1617
1569,1541
1570,1695
1571,912
1572,932
1573,1275
1574,935
1575,935
1576,38
1577,749
1579,936
1580,937
1581,1723
1582,1088
1583,910
1584,910
1585,877
1586,936
1587,1549
1588,940
1589,942
1590,945
1591,515
1592,1068
1593,946
1594,177
1595,952
1596,958
1597,1499
1598,1138
1599,965
1600,960
1601,794
1602,565
1603,1373
1605,963
1606,930
1607,1820
1608,871
1609,1386
1610,617
1611,968
1612,967
1613,131
1614,963
1615,1364
1616,1364
1617,1506
1618,1852
1619,877
1620,947
1621,1162
1622,1582
1623,1595
1624,1595
1625,128
1626,1287
1627,974
1628,1662
1629,855
1630,451
1631,1506
1632,23
1633,1624
1634,1429
1635,437
1637,353
1638,1360
1639,1061
1640,977
1641,1115
1642,977
1643,1188
1644,1070
1645,23
1646,1129
1647,1421
1648,1630
1649,383
1650,382
1651,381
1652,386
1653,42
1654,397
1655,1748
1656,1748
1657,348
1658,67
1659,117
1660,1338
1661,1207
1662,1747
1663,251
1664,1661
1665,978
1666,978
1667,979
1668,980
1669,1747
1670,980
1671,980
1672,192
1673,1493
1674,1490
1675,1054
1676,1254
1677,1317
1678,1263
1679,984
1680,985
1681,1488
1682,1488
1683,374
1684,84
1685,843
1687,873
1688,363
1690,989
1691,51
1692,1276
1693,997
1694,1674
1695,1674
1696,479
1697,965
1698,1847
1699,1318
1700,999
1701,431
1702,431
1703,1101
1704,1578
1705,274
1706,1578
1707,1578
1708,936
1709,28
1710,150
1711,797
1713,1002
1714,1318
1715,369
1716,247
1717,44
1718,1134
1719,1569
1720,194
1721,1764
1722,1764
1723,785
1724,494
1725,1772
1726,1506
1727,778
1729,83
1730,1117
1731,1179
1732,469
1733,369
1734,1016
1735,1013
1736,1714
1737,1297
1739,1017
1740,279
1741,421
1742,421
1743,1435
1744,1020
1745,150
1746,1021
1747,1317
1748,1821
1749,214
1750,458
1751,721
1752,480
1753,877
1754,812
1755,98
1756,1029
1757,1031
1758,1033
1759,1639
1760,703
1761,1131
1762,798
1763,1747
1764,1748
1765,559
1766,559
1767,156
1768,895
1769,895
1770,1570
1771,690
1772,290
1773,664
1774,1038
1775,717
1776,797
1777,434
1778,1166
1779,731
1780,1335
1781,38
1782,38
1783,1489
1784,1167
1785,1040
1786,1040
1787,1040
1788,1149
1789,355
1790,737
1791,647
1792,1048
1793,1222
1794,1714
1795,1318
1796,1318
1797,1094
1798,1010
1799,1087
1800,940
1801,1544
1802,1232
1803,1132
1804,742
1805,1838
1556,1918
1806,1449
1807,1247
1808,423
1809,423
1810,550
1811,836
1813,211
1814,573
1815,1439
1816,513
1817,1053
1818,1053
1819,1125
1820,422
1821,422
1822,213
1823,37
1824,128
1825,1061
1826,1523
1827,896
1828,896
1829,1071
1830,1068
1831,1067
1832,1068
1833,1073
1834,1068
1835,47
1836,1062
1837,1070
1838,1703
1839,1482
1841,738
1842,1086
1843,135
1844,294
1845,294
1846,954
1847,1399
1848,1271
1849,1320
1850,563
1851,563
1852,116
1853,116
1854,1602
1855,1091
1856,1092
1857,973
1858,1783
1859,230
1860,608
1861,1143
1862,394
1863,1102
1864,1059
1865,66
1866,1689
1867,1135
1868,1104
1869,995
1870,817
1871,1106
1872,1704
1873,673
1874,1110
1875,1115
1876,1115
1877,522
1878,601
1879,558
1880,1121
1881,635
1882,422
1883,1341
1884,1020
1885,1166
1886,1480
1887,518
1888,23
1889,1626
1890,134
1891,603
1892,1127
1893,1128
1894,1141
1895,1130
1896,1166
1897,1134
1898,1140
1899,1143
1900,1147
1901,1151
1902,1149
1904,1150
1905,1124
1906,1152
1907,319
1908,1154
1909,1241
1910,1604
1911,221
1912,1156
1913,221
1914,1016
1915,1129
1916,1078
1917,28
1918,1160
1919,822
1920,23
1921,1317
1922,604
1923,662
1924,372
1925,1254
1926,1254
1927,1164
1928,113
1929,376
1930,826
1931,1016
1932,1254
1933,1441
1934,557
1935,9
1936,1166
1937,1166
1938,1167
1939,1696
1940,817
1941,1700
1942,1016
1943,299
1944,874
1945,1171
1946,1173
1947,1174
1948,1107
1949,1175
1950,1176
1951,143
1952,340
1953,774
1954,828
1955,139
1956,1176
1957,774
1958,1014
1959,1725
1960,1758
1961,143
1962,1601
1963,1178
1964,1239
1965,1181
1966,1562
1967,817
1968,966
1969,709
1970,600
1971,634
1972,1265
1973,707
1974,1779
1975,1790
1976,1386
1977,789
1978,1272
1979,1187
1980,1188
1981,1158
1982,625
1983,774
1984,1054
1985,157
1986,128
1988,1573
1989,362
1990,1558
1991,201
1992,657
1993,970
1994,1123
1995,14
1996,14
1997,14
1998,14
1999,362
2000,1184
2002,792
2003,1191
2004,1794
2005,130
2006,137
2007,680
2008,75
2009,1748
2010,1231
2011,1262
2012,447
2013,766
2014,1773
2015,1634
2016,299
2017,1166
2019,1689
2020,1700
2021,1690
2022,86
2023,1450
2024,1447
2025,136
2026,54
2027,54
2028,1040
2029,1202
2030,1202
2031,1650
2032,38
2033,722
2034,1205
2035,1206
2036,1204
2037,1837
2038,1209
2039,1210
2040,736
2041,763
2042,1528
2043,1748
2044,762
2045,1434
2046,1360
2047,1764
2048,1451
2049,229
2050,601
2051,610
2052,1833
2053,1774
2054,1237
2055,470
2056,1734
2057,1734
2058,1520
2059,1413
2060,55
2061,1337
2062,1558
2063,1317
2064,499
1903,1918
2,1506
3,1506
4,664
5,160
6,1747
7,246
8,1730
9,551
10,6
11,14
12,71
13,1195
14,79
15,201
16,533
17,1795
18,548
19,191
20,1315
21,1317
22,362
23,1317
24,1766
25,122
26,795
27,202
28,1647
29,1052
30,19
31,663
32,1789
33,935
34,23
35,980
36,1488
37,1488
38,1213
39,15
40,1230
41,821
42,1226
43,40
44,84
45,85
46,1016
47,1636
48,699
49,88
50,358
51,633
52,633
53,502
54,910
55,1578
56,1435
57,1414
58,23
59,1317
60,1020
61,1847
62,970
63,158
64,1819
65,1095
66,1649
67,927
68,1535
69,569
70,258
71,258
72,93
73,1771
74,123
75,1614
76,797
77,1140
78,1360
79,118
80,379
81,1540
82,910
83,1113
84,1317
85,1250
86,614
87,321
88,1317
89,1312
90,425
92,1248
93,23
94,1415
95,1108
96,361
97,110
98,207
99,204
100,100
101,111
103,110
104,1036
105,413
106,1167
107,1847
108,1167
109,1194
110,116
111,190
112,443
113,443
114,443
115,278
116,443
117,839
118,1441
119,511
120,1040
121,1279
122,1506
123,110
124,825
125,160
126,137
127,1170
128,139
129,142
130,795
131,148
132,151
133,158
134,158
135,158
136,864
137,1687
138,1687
139,161
140,163
141,1587
142,256
143,256
144,1687
145,422
146,261
148,484
149,88
150,88
151,910
152,1234
153,119
154,1147
155,619
156,755
157,168
158,535
159,1684
160,759
161,441
162,371
163,139
164,1513
165,775
166,179
167,571
168,1655
169,910
170,1585
171,1635
172,1747
173,764
174,1216
175,1028
176,23
177,132
178,895
179,895
180,702
181,1047
182,67
183,268
184,1847
185,1360
186,279
187,1117
188,623
189,4
190,392
191,967
192,1360
193,1728
194,287
195,175
196,1022
197,176
198,1209
199,955
200,760
201,538
202,1633
203,1591
204,60
205,1040
206,181
207,181
208,1325
209,626
210,167
212,856
213,1687
214,1695
215,187
216,181
217,1027
218,883
219,1506
220,1064
221,76
222,572
223,1757
224,91
225,1683
226,1648
227,649
228,1429
229,578
230,856
231,23
232,236
233,85
234,733
235,323
236,28
237,193
238,23
239,23
240,23
241,23
242,23
243,23
244,23
245,1186
246,548
247,348
248,906
249,1216
250,196
251,86
252,1154
253,1341
254,362
255,1671
256,715
257,200
258,953
147,116
259,725
260,202
261,202
262,158
263,435
264,1307
265,1367
266,1506
267,1334
268,1250
269,1796
270,1506
271,1506
272,1464
273,937
274,387
275,1397
276,209
277,208
278,1498
279,1735
280,245
281,1067
282,1697
283,210
284,213
285,990
286,213
287,214
288,212
289,158
290,1641
291,1191
292,602
293,426
294,224
295,890
296,1250
297,1651
298,242
299,1541
300,1541
301,353
302,1153
303,1240
304,1581
305,1481
306,225
307,225
308,225
309,225
310,1697
311,1184
312,252
313,1511
314,1360
315,1360
316,585
317,1317
318,1697
319,226
320,234
321,239
322,566
323,566
324,1464
325,1697
326,723
327,1230
328,245
329,1423
330,937
331,250
332,1012
333,1632
334,1146
335,1327
336,28
337,196
338,250
339,250
340,250
341,250
342,251
343,898
344,1765
345,1697
347,1769
348,1579
349,1331
350,368
351,1232
352,296
353,1440
354,1373
355,202
356,408
357,408
358,517
359,664
360,1557
361,983
362,983
363,257
364,984
365,245
366,1847
367,1346
368,980
369,696
370,422
371,265
372,281
373,281
374,600
375,1110
376,267
377,268
378,269
379,270
380,796
381,1424
382,50
383,275
384,1575
385,1711
386,1711
387,1743
388,1198
389,670
390,1349
391,1403
392,228
393,1675
394,228
395,1133
396,487
397,158
398,1288
399,1155
400,915
401,279
402,282
403,1373
404,362
405,696
406,696
407,723
408,362
409,466
410,1228
411,569
412,14
413,362
414,362
415,1317
416,362
417,413
418,1317
419,1782
420,1373
421,762
422,362
423,910
424,1847
425,422
426,1020
427,294
428,292
429,307
430,297
431,1366
432,610
433,28
434,326
435,326
436,319
437,873
438,633
439,312
441,324
442,326
443,326
444,326
445,330
446,333
447,863
448,326
449,326
450,318
451,327
452,329
454,326
455,332
456,326
457,987
458,343
459,1490
460,289
461,1388
462,1531
463,326
464,326
465,326
466,319
467,326
468,326
469,696
470,1693
471,441
472,499
473,346
474,346
475,346
476,193
477,956
478,175
479,907
480,1165
481,597
482,569
483,355
484,355
485,355
486,355
487,1114
488,362
489,414
490,414
491,1609
492,414
493,414
494,414
495,1360
496,1489
497,600
498,567
499,1506
500,1189
501,1189
502,369
503,1386
504,372
505,1366
506,424
507,253
508,929
509,23
510,486
511,327
512,1481
513,121
514,420
515,1216
516,420
517,106
518,1301
519,775
520,556
521,381
522,386
523,380
524,381
525,1317
526,1250
527,384
528,382
529,383
530,385
531,23
532,386
533,397
534,400
535,390
536,396
537,397
538,395
539,403
540,250
541,250
542,250
543,643
544,1193
545,692
546,367
547,1557
548,1653
549,1058
550,389
551,1472
552,1759
553,402
554,28
555,357
556,23
557,381
558,1317
559,1732
560,581
561,1506
562,547
563,1839
564,1420
565,811
566,1039
567,1829
568,1317
569,411
570,339
571,1283
572,413
573,414
574,1348
575,1583
576,33
577,200
578,1655
579,563
580,1386
581,747
582,1255
583,418
584,419
585,152
586,422
587,1062
588,1067
589,415
590,406
591,438
592,191
593,81
594,1230
595,1838
596,927
597,1368
598,442
599,1667
600,318
601,228
602,228
603,158
604,427
605,1748
606,459
607,1256
608,459
609,452
610,445
611,1775
612,1531
613,559
614,463
615,463
616,1446
617,1446
618,1446
619,465
620,181
621,249
622,437
623,363
624,391
625,158
626,1317
627,1317
628,1317
629,23
630,1530
631,1475
632,1043
633,663
634,37
635,1719
636,1097
637,615
638,673
639,673
640,855
641,535
642,878
643,1507
644,483
645,486
646,1855
647,489
648,494
649,321
650,497
651,499
652,499
653,686
654,1782
655,1782
656,1317
657,14
658,362
659,1020
660,1373
661,22
662,1657
663,500
664,500
665,1311
666,1311
667,504
668,504
669,504
670,504
671,1112
672,268
673,867
674,868
675,422
676,213
677,422
678,422
679,268
680,895
681,1109
682,1578
683,1092
684,1615
685,902
686,433
687,1457
688,1098
689,1700
690,1477
691,1535
692,996
693,1836
694,23
695,651
696,1412
697,1289
698,1811
699,273
700,1088
701,1691
702,259
703,128
704,1744
705,1436
706,115
707,1360
708,1317
709,1224
710,148
711,148
712,1764
713,243
714,719
715,681
716,644
717,1197
718,67
719,615
720,1163
721,929
722,422
723,1443
724,794
725,700
726,1442
727,510
728,1180
729,1023
730,911
731,23
732,629
733,1814
734,1641
735,1641
736,1835
737,354
738,1346
739,1046
740,202
741,202
742,1117
743,187
744,1435
745,706
746,327
747,926
748,38
749,38
750,38
751,1052
752,1349
753,909
754,264
755,1752
756,898
757,1403
758,558
759,524
762,1211
763,524
764,1749
765,806
766,1024
767,1119
768,537
769,537
760,1856
770,538
771,867
772,1169
773,1655
774,1655
775,1139
776,1655
777,32
778,32
779,1317
780,1317
781,608
782,317
783,1587
784,1155
785,1155
786,472
787,472
788,543
789,544
790,822
791,547
792,1561
793,576
794,1758
795,548
796,563
797,1207
798,1767
799,39
800,1113
801,1113
802,563
803,316
804,157
805,12
806,1847
807,1660
808,1040
809,1062
810,1442
811,795
812,600
813,76
814,1328
815,1608
816,308
817,478
818,326
819,326
820,77
821,1813
822,1143
823,1099
824,1099
825,1556
826,1558
827,841
828,814
829,1442
830,1701
831,422
832,895
833,640
834,622
835,673
836,1481
837,518
838,518
839,476
840,1322
841,849
842,1145
843,549
844,1599
845,1599
846,1442
847,563
848,867
849,76
850,235
851,266
852,540
853,23
854,1739
855,1442
856,563
857,680
858,680
859,563
860,832
861,565
862,569
863,128
864,568
865,571
866,600
867,432
868,1202
869,1764
870,571
871,1578
872,824
873,240
874,12
875,535
876,571
877,1051
878,1639
879,1040
880,989
881,611
882,1161
883,511
884,574
885,497
886,1390
887,579
888,578
889,593
890,679
891,43
892,596
893,82
894,1429
895,72
896,1196
897,1196
898,1792
899,1725
900,272
901,1435
902,128
903,589
904,590
905,1371
906,596
907,597
908,1371
909,1695
910,600
911,600
912,284
913,1373
914,605
915,499
916,499
917,475
918,965
919,608
920,608
921,608
922,608
923,1270
924,1392
925,1463
926,250
927,250
928,250
929,250
930,250
931,250
932,599
933,1541
934,1764
935,67
936,1568
937,583
938,546
939,1105
940,1302
941,673
942,620
943,898
944,1649
945,1542
946,910
947,1317
948,1317
949,1317
950,587
951,165
952,1541
953,186
954,497
955,1352
956,1317
957,154
958,71
959,397
960,635
961,1733
962,628
963,627
964,1027
965,631
966,1574
967,629
968,245
969,422
970,309
971,48
972,328
973,633
974,634
975,634
976,634
977,634
978,634
979,276
980,276
981,273
982,601
983,422
984,362
985,422
986,1475
987,569
988,1302
989,636
991,1782
992,908
993,422
994,1424
995,62
996,259
997,67
998,482
999,995
1000,638
1001,687
1002,687
1003,730
1004,1092
1005,114
1006,616
1007,183
1008,1673
1009,598
1010,1040
1011,88
1012,1743
1013,1350
1014,32
1015,355
1016,1349
1017,640
1018,121
1019,660
1020,1574
1021,1349
1022,1747
1023,1317
1024,1317
1025,1317
1026,1818
1027,895
1028,1256
1029,689
1030,342
1031,1071
1032,1317
1033,1475
1034,769
1035,664
1036,744
1037,150
1038,1556
1039,1832
1040,1022
1041,1022
1042,1506
1043,422
1044,1438
1045,1106
1046,275
1047,191
1048,1276
1049,903
1050,1290
1051,422
1052,422
1053,422
1054,44
1055,172
1056,1020
1057,1020
1058,227
1059,1010
1060,1483
1061,608
1062,1003
1063,742
1064,1268
1065,528
1066,1797
1067,646
1068,573
1069,1639
1070,1697
1071,652
1072,1360
1073,653
1074,686
1075,1735
1076,807
1077,1740
1078,588
1079,996
1080,655
1081,181
1082,1115
1083,1718
1084,1044
1085,1529
1086,1232
1087,910
1088,597
1089,227
1090,664
1091,664
1092,664
1093,664
1094,664
1095,781
1096,664
1097,664
1098,664
1099,664
1100,664
1101,734
1102,1532
1103,1105
1104,667
1105,894
1106,1525
1107,618
1108,696
1109,889
1110,674
1111,673
1112,673
1113,673
1114,673
1115,850
1116,683
1117,645
1118,141
1119,126
1120,1201
1121,692
1122,692
1123,491
1124,1303
1125,326
1126,696
1127,696
1128,696
1129,696
1130,181
1131,696
1132,822
1133,776
1134,1314
1135,499
1136,663
1137,1695
1138,202
1139,658
1140,1783
1141,514
1142,1400
1143,1435
1144,14
1145,1641
1146,1024
1147,490
1148,1495
1149,445
1150,74
1151,91
1152,1524
1153,1050
1154,1265
1155,14
1156,422
1157,1331
1158,247
1159,705
1160,280
1161,708
1162,709
1163,707
1164,710
1165,498
1166,1637
1167,1099
1168,654
1169,1726
1170,959
1171,1317
1172,1317
1173,1403
1174,1007
1175,673
1176,910
1178,721
1179,728
1180,730
1181,732
1182,738
1183,741
1184,735
1185,1788
1186,1317
1187,1317
1188,67
1189,178
1190,712
1191,23
1192,841
1193,1554
1194,1150
1195,1636
1196,1636
1197,1009
1198,164
1199,155
1200,608
1201,751
1202,578
1203,1586
1204,158
1205,366
1206,1403
1207,234
1208,777
1209,777
1210,717
1211,667
1212,757
1213,779
1214,773
1215,1794
1216,345
1217,768
1218,756
1219,925
1220,362
1221,536
1222,757
1223,14
1224,1103
1225,1103
1226,1614
1227,57
1228,763
1229,326
1230,770
1231,770
1232,770
1234,770
1235,770
1236,770
1237,770
1238,767
1239,770
1240,769
1241,330
1242,624
1243,255
1244,854
1246,753
1247,362
1248,1794
1249,761
1251,44
1252,44
1253,1579
1254,1273
1255,1273
1256,640
1257,1715
1258,1296
1259,290
1260,786
1261,960
1262,1054
1263,414
1264,1336
1265,1549
1266,1054
1267,399
1268,399
1269,1735
1270,25
1271,787
1272,789
1273,790
1274,790
1275,778
1276,541
1277,794
1278,794
1279,794
1280,1199
1281,1199
1282,794
1283,661
1284,1385
1285,46
1286,46
1287,46
1288,845
1289,736
1290,231
1291,650
1292,160
1293,1241
1294,1241
1295,797
1296,1397
1297,1716
1298,1452
1300,847
1301,325
1302,899
1303,923
1304,312
1305,1639
1306,1725
1307,301
1308,23
1309,1360
1310,603
1311,127
1312,248
1313,140
1314,326
1315,201
1316,227
1317,26
1318,26
1319,865
1320,314
1321,603
1322,1403
1323,363
1324,1317
1325,807
1326,1184
1327,807
1328,537
1329,910
1330,1317
1331,124
1332,810
1333,14
1334,200
1335,669
1336,1504
1337,1553
1338,1602
1339,815
1340,815
1341,815
1342,815
1343,815
1344,1397
1346,237
1347,112
1348,874
1349,1099
1350,1202
1351,819
1352,864
1353,819
1354,819
1355,820
1356,820
1357,868
1358,7
1359,7
1360,368
1361,826
1362,821
1363,70
1364,663
1365,827
1366,173
1367,365
1368,1127
1369,334
1370,1431
1371,1127
1372,5
1373,49
1374,823
1375,832
1376,833
1377,237
1378,1678
1379,1751
1380,883
1381,883
1382,837
1383,782
1384,1745
1386,882
1387,273
1388,158
1389,1004
1390,634
1391,1394
1392,845
1393,848
1394,28
1395,1159
1396,1589
1397,675
1398,662
1399,833
1400,1155
1401,303
1402,640
1403,683
1404,1729
1405,1418
1406,1750
1407,853
1408,853
1409,852
1410,1847
1411,851
1412,851
1413,772
1414,854
1415,817
1416,856
1417,856
1418,1042
1419,1797
1420,1797
1421,903
1422,526
1423,1663
1424,1364
1425,857
1426,709
1427,1477
1428,910
1429,858
1430,822
1431,590
1432,1464
1433,27
1434,1338
1435,568
1436,709
1437,711
1438,532
1439,745
1440,437
1441,191
1442,41
1443,437
1444,191
1445,1379
1446,1604
1447,863
1448,863
1449,1342
1450,191
1451,864
1452,737
1453,1558
1454,903
1455,950
1456,27
1457,254
1458,254
1459,254
1460,254
1461,1490
1462,867
1463,254
1464,1748
1465,867
1466,867
1467,868
1468,1795
1469,422
1470,422
1471,422
1472,422
1473,158
1474,185
1475,195
1477,805
1478,1088
1479,1841
1480,917
1481,1607
1482,1608
1483,883
1484,1318
1485,935
1486,1321
1488,361
1489,1317
1490,1317
1491,1373
1492,1738
1493,234
1494,891
1495,1741
1496,597
1497,895
1498,1343
1499,1575
1500,900
1501,1742
1502,1442
1503,895
1504,895
1505,1578
1506,1506
1507,898
1508,434
1509,1516
1510,575
1511,1695
1512,691
1513,1157
1514,1768
1515,1705
1516,1673
1517,1046
1518,910
1519,910
1520,910
1521,1185
1522,576
1523,1189
1524,971
1525,752
1526,115
1527,326
1528,1415
1529,1779
1530,914
1531,596
1532,1226
1533,918
1534,1652
1535,1652
1537,1555
1538,215
1539,1794
1541,1040
1542,1040
1487,1918
1493,1367
2065,360
2066,1216
2067,1216
2068,1216
2069,863
2071,448
2072,656
2073,1217
2074,1367
2075,1167
2076,592
2077,586
2078,586
2079,586
2080,1702
2081,1218
2083,499
2084,1462
2085,746
2086,430
2087,334
2088,327
2089,1323
2090,1031
2091,801
2092,1360
2093,49
2094,202
2095,1762
2096,326
2097,1585
2098,1235
2099,1220
2100,1243
2101,1227
2102,1229
2103,1697
2104,1229
2105,1229
2106,1240
2107,1230
2108,1230
2109,57
2110,57
2111,57
2112,57
2113,1232
2114,376
2115,1253
2116,1040
2117,462
2118,1235
2119,1236
2120,1339
2121,1319
2122,1319
2123,1319
2124,1238
2125,1814
2126,1814
2127,1242
2128,1764
2129,1334
2130,415
2131,248
2132,428
2133,499
2134,1348
2135,1244
2136,979
2137,1096
2138,1295
2139,154
2140,1045
2141,1811
2142,489
2143,202
2144,569
2145,1661
2146,1397
2147,1221
2148,1252
2149,1473
2150,1817
2151,1251
2152,1254
2153,1602
2154,1582
2155,763
2156,1254
2157,1254
2158,1617
2159,1617
2160,1377
2161,1669
2162,1574
2163,859
2164,1255
2165,1487
2166,683
2167,569
2168,1522
2169,1260
2170,422
2171,582
2172,23
2173,1250
2174,1172
2175,1134
2176,574
2177,1301
2178,898
2179,524
2180,659
2181,1261
2182,1015
2183,1203
2184,672
2185,1360
2186,1318
2187,910
2188,910
2189,910
2190,245
2191,1735
2192,1725
2193,557
2194,481
2195,775
2196,796
2197,1745
2198,1735
2199,673
2200,673
2201,673
2202,673
2203,1265
2204,1265
2205,999
2206,1258
2207,1403
2210,1081
2211,515
2214,1269
2215,87
2216,1662
2217,944
2218,1661
2219,1831
2220,610
2221,241
2222,1735
2223,603
2224,1725
2225,1389
2226,1250
2227,597
2228,38
2229,949
2230,949
2231,426
2233,380
2234,1332
2235,910
2236,1317
2237,1317
2238,1389
2239,713
2240,493
2241,726
2242,396
2243,1050
2244,542
2245,146
2246,1283
2247,1281
2248,1282
2249,352
2250,326
2251,326
2252,388
2253,1068
2254,867
2255,673
2256,1733
2257,1685
2258,1360
2259,1506
2260,1192
2261,1254
2262,1284
2263,44
2264,1504
2265,1332
2266,507
2267,770
2268,341
2269,1356
2270,1515
2271,1769
2272,867
2273,1020
2274,1450
2275,683
2276,683
2277,675
2278,1356
2279,1288
2280,1315
2281,218
2282,1830
2283,272
2285,1847
2286,1847
2287,826
2288,671
2289,671
2290,61
2291,499
2292,815
2293,570
2294,1310
2295,1115
2296,1454
2298,1317
2299,705
2300,1232
2301,505
2302,1349
2303,1689
2304,1419
2305,1349
2306,437
2307,393
2308,1684
2309,1323
2310,1315
2311,1317
2312,1317
2313,1317
2314,61
2315,364
2316,1348
2317,305
2318,1476
2319,1364
2320,1276
2321,289
2323,1757
2324,271
2325,282
2327,1323
2070,1918
2082,1129
2328,1323
2329,202
2330,1847
2331,1249
2332,499
2333,1313
2334,1293
2335,1293
2336,1512
2337,1500
2338,499
2339,1341
2340,362
2341,1680
2342,664
2343,1326
2344,210
2345,1331
2346,161
2347,1335
2348,1795
2349,1122
2350,1795
2351,1702
2352,1340
2353,138
2354,714
2355,714
2356,603
2358,312
2359,563
2360,603
2361,597
2362,648
2363,44
2364,483
2365,534
2366,326
2367,625
2368,375
2369,615
2370,1559
2371,1780
2372,615
2373,554
2374,889
2375,272
2376,640
2377,640
2378,1345
2379,817
2380,833
2381,536
2382,234
2383,548
2384,1782
2385,1458
2386,1458
2387,1360
2388,1363
2389,245
2390,1365
2391,1366
2392,667
2393,663
2394,849
2395,326
2396,63
2397,131
2398,1586
2399,641
2400,63
2401,1082
2402,1425
2403,1578
2404,675
2405,1125
2406,683
2407,1190
2408,1065
2409,245
2410,1811
2412,855
2413,933
2414,1386
2415,1386
2417,1387
2418,1358
2419,1110
2420,1394
2421,1393
2422,1393
2423,1110
2424,1396
2425,64
2426,1397
2427,1478
2428,429
2429,1403
2430,1733
2431,1733
2432,1258
2433,147
2434,901
2435,807
2436,807
2437,24
2438,24
2439,488
2440,1506
2441,530
2442,108
2443,422
2444,1362
2445,40
2447,1695
2448,499
2449,729
2450,649
2451,1412
2452,564
2453,564
2454,499
2455,1423
2457,1216
2458,1216
2459,1419
2460,1419
2461,835
2462,1419
2463,23
2464,603
2465,331
2466,694
2467,720
2468,53
2469,1307
2470,1655
2471,1429
2472,1435
2473,1485
2474,1614
2475,1614
2476,1746
2477,615
2478,609
2479,1251
2480,1202
2481,1694
2482,370
2483,1115
2485,1062
2486,139
2487,1617
2488,676
2489,259
2490,1521
2491,1019
2492,304
2493,608
2494,606
2495,461
2496,1749
2497,1346
2498,1297
2499,1794
2500,758
2501,422
2502,1118
2503,1254
2504,1147
2505,1307
2506,123
2507,1697
2508,1026
2509,1026
2510,1077
2511,569
2512,1408
2513,1461
2514,1450
2515,895
2516,1758
2517,1459
2518,1099
2519,791
2520,980
2521,980
2522,1453
2523,905
2524,1453
2525,1453
2526,575
2527,1658
2528,683
2529,673
2530,802
2531,1147
2532,225
2533,101
2534,1324
2535,795
2536,1455
2537,1317
2538,606
2539,612
2540,664
2541,1592
2542,571
2543,1464
2544,1465
2545,239
2546,776
2547,1217
2548,606
2549,606
2550,1467
2551,615
2552,630
2553,1471
2554,673
2555,1403
2556,771
2557,1475
2558,26
2559,1136
2560,1476
2561,1476
2562,499
2563,288
2564,499
2565,1680
2566,1680
2567,1110
2568,499
2569,686
2570,562
2571,377
2572,783
2573,1120
2574,1558
2575,1088
2576,1753
2577,398
2578,1448
2579,1509
2580,1348
2581,1348
2582,1481
2583,1357
2584,1482
2585,1547
2586,20
2587,1642
2588,503
2589,1489
2590,1490
2591,1490
2592,1490
2593,1490
2594,129
2595,1490
2596,1492
2597,429
2598,1118
2599,632
2600,1491
2601,28
2602,140
2603,518
2604,1404
2605,1498
2606,104
2607,1505
2608,937
2609,1263
2610,807
2611,1450
2612,1299
2613,1491
2614,1733
2615,1384
2616,1005
2617,1424
2618,1167
2619,1811
2620,300
2621,904
2622,1422
2623,644
2624,326
2625,326
2626,2
2627,667
2629,860
2630,1527
2631,1503
2632,1504
2633,1373
2634,1747
2635,1747
2636,1747
2637,1747
2638,1843
2639,555
2640,1206
2641,1059
2642,465
2643,1775
2644,1775
2645,568
2646,54
2647,910
2648,1475
2649,31
2650,362
2651,569
2652,362
2653,1765
2654,239
2655,225
2656,794
2657,1317
2658,1317
2659,14
2660,1621
2661,1599
2662,70
2663,910
2664,794
2665,23
2666,1509
2667,1317
2668,1445
2669,1776
2670,983
2671,1233
2672,203
2673,1514
2674,1515
2675,1515
2676,1514
2677,962
2678,1515
2679,1517
2680,1514
2681,962
2682,1578
2683,1578
2684,1317
2685,1317
2686,1055
2687,965
2688,1519
2689,1142
2690,485
2691,968
2692,968
2693,320
2694,401
2695,130
2696,181
2697,1613
2698,936
2699,1518
2700,763
2701,1579
2702,1526
2703,161
2704,1150
2705,1805
2706,1613
2707,1506
2708,1122
2709,1150
2710,1150
2711,1854
2712,1687
2713,1846
2714,1805
2715,1806
2716,1640
2717,1530
2718,770
2719,373
2720,23
2721,284
2722,617
2723,1460
2724,1824
2725,994
2726,1602
2727,1643
2728,1535
2729,1535
2730,1317
2731,337
2732,1536
2733,23
2734,448
2735,335
2736,922
2737,1264
2738,1410
2739,1129
2740,182
2741,23
2743,1454
2744,1022
2745,796
2746,439
2747,1553
2748,569
2749,721
2750,6
2751,1655
2752,202
2753,622
2754,1317
2755,1538
2756,499
2757,202
2758,1360
2759,967
2760,202
2761,202
2762,686
2763,622
2764,596
2765,1556
2766,1557
2767,1557
2768,1409
2769,1149
2770,1557
2771,1329
2772,1249
2773,1558
2774,1558
2775,1847
2776,190
2777,422
2778,1752
2779,247
2780,1489
2782,1292
2783,1545
2784,1736
2785,1223
2786,464
2787,174
2788,1564
2789,761
2790,1636
2791,363
2793,603
2794,1444
2795,477
2796,222
2797,359
2798,632
2799,1183
2800,9
2801,1373
2802,362
2803,325
2804,1571
2805,73
2806,1188
2807,527
2808,30
2809,607
2810,794
2811,794
2812,794
2813,171
2814,1506
2815,1011
2816,149
2817,14
2818,420
2819,1752
2820,1442
2821,351
2822,563
2823,1574
2824,910
2825,1071
2826,1143
2827,1143
2828,1442
2829,357
2830,273
2831,1685
2832,1782
2833,1697
2834,1601
2835,998
2836,1827
2837,23
2838,266
2839,78
2840,1605
2841,1598
2842,1599
2843,970
2844,970
2845,970
2846,634
2847,1372
2848,1372
2849,1073
2850,134
2851,134
2852,1360
2853,1811
2854,591
2855,1092
2856,1360
2857,1372
2858,45
2859,1331
2860,375
2861,1166
2862,225
2863,1613
2864,1613
2865,1614
2866,1614
2867,1614
2868,1614
2869,1614
2870,422
2871,414
2872,972
2873,1737
2874,74
2875,1479
2876,551
2877,1535
2878,749
2879,915
2880,788
2881,1717
2882,1127
2883,110
2884,406
2885,1793
2886,1257
2887,563
2888,1093
2889,976
2890,1041
2891,661
2892,268
2893,180
2894,1852
2895,468
2896,836
2897,495
2898,1470
2899,664
2900,1402
2901,452
2902,1150
2903,409
2904,166
2905,166
2906,166
2907,1624
2908,688
2909,1765
2910,973
2911,438
2912,1627
2913,295
2914,1580
2915,1628
2916,1653
2917,1629
2918,1630
2919,1475
2920,1631
2921,1635
2922,1641
2923,170
2924,1596
2925,1649
2926,1651
2927,1652
2928,1317
2929,68
2930,1317
2931,1506
2932,1067
2933,553
2934,296
2935,429
2936,137
2937,1481
2938,457
2939,1052
2940,71
2941,1456
2942,1763
2943,144
2944,1506
2945,1360
2946,1360
2947,1323
2948,1686
2949,764
2950,764
2951,1200
2952,561
2953,1649
2954,1453
2955,1506
2956,418
2957,1308
2958,910
2959,673
2960,1474
2961,1770
2962,618
2963,452
2964,197
2965,393
2966,716
2967,1466
2968,1558
2969,596
2970,1661
2971,1661
2972,819
2973,1305
2974,16
2975,741
2976,741
2977,1814
2978,1668
2979,569
2980,1309
2981,621
2982,1393
2983,1693
2984,1731
2985,1695
2986,922
2987,356
2988,1677
2989,951
2990,951
2991,743
2992,1044
2993,295
2994,1230
2995,196
2996,1503
2997,627
2998,446
2999,139
3000,1030
3001,521
3002,1680
3003,1754
3005,1749
3006,731
3007,1697
3008,1680
3009,1680
3010,1680
3011,1307
3012,1298
3013,1684
3014,1684
3015,1794
3016,1807
3017,1792
3018,1687
3020,1016
3021,1049
3022,1687
3023,1307
3024,1286
3025,393
3026,1692
3027,1771
3028,1317
3029,1695
3030,1695
3031,1695
3032,1695
3033,1398
3034,107
3035,1696
3036,497
3037,1700
3038,891
3039,1698
3040,1733
3041,91
3042,184
3043,1718
3044,1718
3045,1281
3046,910
3047,1719
3048,1720
3049,920
3050,420
3051,693
3052,1212
3053,1212
3054,1672
3055,600
3056,1725
3057,1725
3058,1725
3059,1725
3060,1126
3061,1725
3062,1725
3063,1291
3064,13
3065,3
3066,1732
3067,14
3068,563
3069,1734
3070,362
3071,1341
3072,1735
3073,905
3074,1735
3075,1735
3076,1735
3077,921
3078,634
3079,1496
3080,984
3081,548
3082,1052
3083,227
3084,26
3085,1744
3086,980
3087,980
3088,560
3089,560
3090,1299
3091,1071
3092,980
3093,765
3094,765
3095,1699
3096,1340
3097,161
3098,737
3099,1743
3100,199
3004,1150
3101,819
3102,425
3103,425
3104,986
3105,1811
3106,1758
3107,1476
3108,1054
3109,1318
3110,34
3111,995
3112,67
3113,489
3114,1300
3115,1300
3116,434
3117,179
3118,1540
3119,1225
3120,220
3121,1254
3122,1747
3123,1731
3124,1731
3125,1368
3126,1497
3127,559
3128,1254
3129,754
3130,1756
3132,1756
3133,1351
3134,1636
3135,1758
3136,1759
3137,683
3138,1764
3139,1764
3140,1764
3141,1016
3142,897
3143,1755
3144,63
3145,673
3146,1401
3148,1611
3149,1330
3150,1688
3151,260
3152,1437
3153,675
3154,321
3155,990
3157,1373
3158,696
3159,1317
3160,1773
3161,1729
3162,629
3163,1777
3164,1777
3165,1779
3166,1709
3167,1766
3168,362
3170,499
3171,1260
3172,569
3173,1317
3174,1317
3175,1808
3176,1782
3177,1781
3178,1630
3179,1498
3180,326
3181,1502
3182,1534
3183,766
3184,1534
3185,766
3186,948
3187,1602
3188,935
3189,161
3190,103
3191,243
3192,459
3193,910
3194,924
3195,474
3196,982
3197,1784
3198,1387
3199,789
3200,105
3201,750
3202,1189
3204,1789
3205,298
3206,1123
3207,286
3208,1284
3209,59
3210,76
3211,1787
3212,1453
3213,502
3215,1506
3216,661
3217,1481
3218,1790
3219,1623
3220,1792
3221,1792
3222,1792
3223,1792
3224,1792
3225,1792
3226,1797
3227,1793
3228,1797
3229,1794
3230,1796
3232,1796
3233,1797
3234,1798
3235,1799
3236,1802
3237,1803
3238,1803
3239,1804
3240,1805
3241,1806
3242,1807
3243,1808
3244,1807
3245,1792
3246,1796
3247,1808
3248,1809
3249,916
3250,202
3251,1110
3253,1811
3254,574
3255,77
3256,1815
3257,1815
3258,530
3259,1796
3260,558
3261,467
3262,524
3263,595
3264,409
3265,456
3266,1759
3267,1438
3268,1791
3269,1794
3270,114
3271,969
3272,660
3273,23
3275,1317
3276,696
3277,1558
3278,686
3279,1670
3280,1775
3281,1353
3282,1088
3283,1088
3284,1088
3285,1828
3286,28
3287,608
3288,738
3289,1535
3290,1535
3291,692
3292,1262
3293,1820
3294,492
3295,1395
3296,1360
3297,1394
3298,1091
3299,51
3300,1070
3301,1708
3302,831
3303,853
3304,1747
3305,1782
3307,1565
3308,898
3309,634
3310,634
3311,1724
3312,346
3313,849
3314,910
3315,1341
3316,569
3317,849
3318,569
3319,1037
3320,580
3321,928
3322,748
3323,1830
3324,1830
3325,1830
3326,1831
3327,1823
3328,1215
3329,936
3330,1823
3331,1823
3332,1219
3333,1510
3334,806
3335,410
3336,1756
3337,1186
3338,1721
3339,1721
3340,1721
3341,1006
3342,422
3343,941
3344,487
3345,1391
3346,449
3347,1367
3348,1383
3349,84
3350,1227
3351,661
3352,855
3353,1506
3354,1506
3355,1506
3357,1697
3358,1511
3359,523
3360,1697
3361,1697
3362,1481
3363,28
3365,502
3366,1735
3368,1382
3369,1227
3370,28
3371,28
3372,891
3373,1826
3374,1735
3375,1775
3377,649
3378,1148
3379,578
3380,578
3381,578
3382,578
3383,1760
3384,198
3385,1000
3386,120
3387,1695
3388,196
3389,105
3390,939
3391,1280
3392,578
3393,578
3394,1558
3395,1020
3396,1020
3397,1020
3398,1020
3399,1840
3400,984
3401,49
3402,1166
3403,981
3404,397
3405,1610
3406,158
3407,1625
3408,684
3409,1777
3410,913
3411,470
3412,1735
3413,397
3414,1810
3415,597
3416,92
3417,1616
3418,1026
3419,1026
3420,1498
3421,1846
3422,402
3423,208
3424,1570
3425,1403
3426,838
3427,1563
3428,1272
3429,1602
3431,572
3432,1274
3433,19
3434,19
3435,19
3436,111
3437,661
3438,770
3439,1846
3440,603
3441,1266
3442,410
3785,962
3786,891
3787,45
3788,56
3789,225
3790,563
3791,190
3792,190
3794,448
3796,680
3797,959
3798,1150
3799,160
3800,160
3801,896
3802,896
3803,1498
3804,1510
3805,1514
3806,1442
3807,1631
3808,202
3809,1702
3810,1706
3811,1707
3813,747
3814,1842
3815,1665
3816,1510
3817,189
3818,234
3819,362
3820,207
3822,1613
3823,910
3824,569
3825,308
3826,1373
3828,1168
3830,1182
3831,1016
3832,879
3833,919
3837,1494
3838,1
3839,1453
3840,1656
3841,1209
3842,1639
3844,1344
3845,642
3846,1229
9,305
13,145
18,28
19,796
20,414
21,1475
24,569
26,1284
27,1724
28,1018
29,870
31,1089
34,1317
36,894
41,1700
43,28
46,683
56,603
58,1317
60,1850
61,1732
62,1558
73,1579
74,1614
76,1614
78,312
81,1195
83,56
84,499
85,307
86,682
88,1458
93,1574
105,426
107,1659
111,88
113,306
116,1776
117,109
122,1697
130,1284
137,160
138,160
141,1578
143,1785
144,116
145,165
155,912
162,263
168,422
170,1432
172,664
173,1419
174,1419
175,1034
176,28
177,1566
178,453
179,668
181,1105
182,977
183,32
184,262
185,202
195,855
203,326
207,1697
212,376
213,1262
216,1282
220,336
224,532
228,1578
229,1169
230,1501
231,615
232,1645
233,523
235,28
236,1059
240,28
243,28
244,312
245,23
249,1419
253,847
256,584
262,36
264,1419
266,502
268,347
279,1506
280,1697
281,1061
282,1511
284,504
290,1760
293,1110
294,231
295,883
296,1407
299,880
300,1110
301,1544
310,1511
314,227
315,662
317,1368
325,1511
327,196
336,1735
338,67
341,1216
343,1697
344,28
349,1331
354,846
355,1323
357,1370
358,1084
360,1735
364,63
365,1735
366,1848
367,925
369,346
370,234
371,696
23,1475
372,1687
375,1500
380,273
383,1269
384,1367
385,1110
386,1110
392,894
403,429
405,847
406,847
407,953
409,847
410,849
415,1475
417,1685
418,1475
419,411
420,237
424,1356
426,411
433,335
434,35
435,502
444,502
446,338
449,502
454,335
456,502
459,1317
462,1506
464,502
468,502
469,1681
472,847
473,847
478,417
483,894
489,1018
491,1067
492,1018
494,603
495,202
499,502
501,154
503,372
511,1062
512,29
514,563
515,1419
525,312
526,312
540,564
549,467
554,668
555,1147
556,312
558,1475
559,132
561,502
566,594
568,312
574,305
578,32
579,1216
587,327
589,520
593,1306
597,284
599,1468
602,894
603,36
604,804
605,1216
607,683
611,1735
612,865
613,1020
616,88
618,88
620,248
622,1063
627,312
628,499
631,1043
633,1373
635,36
639,638
640,793
641,673
642,877
655,1685
656,499
659,237
664,1721
665,460
666,460
667,1687
670,1331
671,428
673,1020
676,1782
677,718
678,165
679,1208
681,724
682,1595
684,1469
686,1457
691,953
692,1843
694,499
698,1323
701,1701
703,1075
707,883
708,883
709,829
715,1504
716,894
724,563
726,1543
731,653
732,1725
733,894
734,1760
735,1760
743,1088
746,833
751,333
754,263
758,683
761,865
764,529
768,437
769,1481
771,427
773,892
776,422
777,1575
778,1575
780,499
781,865
795,864
799,678
801,56
806,1732
809,1060
810,453
811,1284
815,133
816,478
817,1373
819,502
826,276
827,1333
828,1508
829,1208
830,1020
831,234
834,649
837,1847
838,1850
844,1074
845,1074
846,422
853,830
855,1304
856,1216
858,962
860,1816
863,1067
864,1366
870,1317
871,1429
875,683
876,1317
881,200
893,681
896,245
897,1735
898,1807
900,1377
902,1067
913,284
915,237
916,696
918,1764
927,67
928,473
930,1216
933,346
938,739
939,1825
941,1099
945,1137
948,1475
951,418
953,842
957,1458
961,422
966,326
968,1735
979,375
980,375
981,275
983,1685
985,1685
991,304
992,274
993,1367
995,1593
997,51
1002,88
1005,1499
1014,1504
1015,894
1020,1664
1024,499
1025,28
1028,683
1030,326
1032,429
1036,562
1040,165
1042,1697
1043,326
1045,1278
1047,273
1051,1685
1052,426
1053,1685
1056,1446
1057,1446
1058,353
1062,877
1068,164
1070,1360
1072,202
1074,237
1081,468
1089,975
1094,1747
1095,780
1101,523
1102,1105
1103,863
1104,219
1108,1110
1119,681
1126,849
1127,499
760,1105
1128,847
1129,1373
1135,663
1138,1323
1145,1760
1146,1714
1147,849
1151,1532
1165,1765
1166,1482
1171,116
1172,885
1183,28
1186,1359
1187,1368
1191,312
1192,1333
1195,405
1198,1468
1224,1420
1225,1420
1229,1591
1230,1591
1232,255
1235,330
1242,770
1243,1539
1253,1430
1266,1595
1269,28
1273,894
1277,563
1279,563
1282,1208
1283,334
1290,890
1301,338
1304,23
1307,312
1308,1360
1310,128
1311,1067
1312,1574
1314,977
1315,128
1316,975
1317,128
1318,1574
1319,125
1320,1847
1324,499
1325,1578
1326,128
1331,1075
1336,239
1343,250
1346,847
1348,337
1352,1775
1353,1775
1354,304
1357,437
1358,88
1363,1053
1364,80
1373,1511
1377,1593
1386,880
1387,375
1391,1034
1394,830
1398,312
1403,1254
1412,1216
1415,683
1423,855
1438,277
1439,1606
1440,1604
1441,273
1443,248
1446,35
1449,1435
1450,982
1452,515
1453,171
1457,649
1458,1367
1459,1373
1460,1373
1461,1697
1466,1685
1477,869
1478,855
1481,1381
1482,1676
1488,1368
1489,1368
1490,1475
1498,1575
1505,1429
1506,502
1511,302
1517,894
1521,1621
1526,1558
1527,502
1546,349
1558,1807
1559,1807
1564,709
1567,69
1569,346
1571,855
1575,1844
1581,1722
1582,1347
1597,594
1598,1749
1603,961
1613,1070
1623,237
1624,1062
1625,326
1629,1822
1631,245
1632,833
1635,1430
1637,1110
1639,326
1641,977
1642,1067
1644,1073
1656,67
1658,51
1659,1506
1660,1785
1674,1785
1675,1595
1676,673
1677,499
1679,312
1682,894
1687,876
1691,65
1692,1317
1702,864
1720,202
1741,471
1745,421
1747,499
1748,67
1753,1003
1755,426
1761,536
1764,67
1769,1216
1775,1149
1776,143
1777,1149
1796,1067
1801,1110
1809,683
1817,1481
1818,1110
1820,1685
1822,1053
1824,1067
1825,326
1828,895
1830,1481
1832,833
1837,1061
1845,88
1851,1216
1853,213
1865,1081
1869,1318
1870,683
1876,11
1878,312
1879,683
1880,1589
1888,312
1890,603
1891,1372
1905,695
1910,1579
1915,1078
1920,1147
1921,499
1923,312
1925,683
1929,1693
1931,683
1932,683
1940,683
1944,1847
1952,1558
1954,1017
1958,233
1959,894
1961,894
1967,683
1976,1426
1983,1259
1984,1574
1986,1067
1988,1057
1990,375
1991,834
2000,834
2005,1070
2009,1216
2010,1262
2013,1262
2040,1511
2046,1323
2062,1582
2063,1475
2069,1367
2077,67
2079,433
2083,1369
2087,325
2088,325
2089,1811
2092,202
2093,1376
2094,1323
2096,1061
2097,833
2103,1227
2111,868
2114,1579
2121,1847
2126,894
2130,1708
2131,1131
2133,844
2139,1555
2142,10
2143,509
2149,1604
2159,276
2160,1375
2162,1595
2166,1254
2167,1116
2170,412
2172,1317
2185,1323
2189,1475
1916,1972
2191,1697
2198,1557
2210,515
2211,1081
2220,1020
2222,28
2226,312
2231,67
2237,499
2248,248
2251,502
2253,1063
2254,1685
2256,213
2257,552
2258,159
2259,257
2261,683
2264,653
2265,1332
2269,1020
2272,1020
2273,1367
2274,1685
2275,1050
2276,1050
2278,1578
2283,1595
2285,224
2289,613
2295,1811
2304,1216
2306,407
2309,666
2316,1077
2317,551
2318,1318
2320,31
2324,165
2328,202
2329,1323
2330,1732
2332,223
2335,1458
2336,213
2337,1110
2342,1638
2348,1792
2350,1792
2356,804
2359,1537
2360,1435
2374,886
2375,115
2377,1748
2379,683
2380,49
2381,28
2383,820
2384,1020
2389,352
2392,293
2393,1373
2394,265
2398,437
2400,337
2401,153
2403,1575
2406,1050
2408,17
2409,1735
2410,217
2412,1088
2413,934
2417,1380
2419,346
2423,418
2431,1216
2432,683
2438,1216
2440,1697
2444,227
2445,1697
2448,429
2453,849
2454,663
2457,1419
2458,1419
2459,794
2460,1216
2461,1424
2463,312
2464,130
2465,1059
2470,422
2474,123
2481,311
2483,229
2485,1574
2489,1375
2491,1506
2492,1019
2496,894
2497,925
2505,1419
2506,1614
2507,1481
2509,894
2516,1531
2528,1254
2534,1284
2535,1501
2537,499
2542,1317
2545,1420
2558,808
2562,847
2564,237
2565,849
2566,1110
2567,882
2568,847
2569,237
2571,1216
2575,532
2576,1847
2579,67
2580,649
2581,305
2587,1760
2590,455
2592,28
2593,202
2594,414
2596,1278
2597,569
2601,1735
2603,1850
2610,832
2611,653
2613,411
2617,98
2620,58
2624,1061
2625,1061
2627,1540
2641,1052
2643,1830
2647,1475
2649,653
2652,1458
2653,1644
2657,429
2658,429
2659,1778
2660,1615
2661,653
2662,794
2663,1475
2664,1592
2667,1475
2669,1512
2670,1620
2676,962
2677,1514
2682,1429
2683,1429
2684,1370
2685,1370
2696,52
2697,1150
2701,506
2702,982
2707,1735
2712,664
2714,1806
2719,1177
2720,429
2721,1368
2730,499
2731,1066
2733,1317
2735,326
2739,1546
2743,428
2745,291
2746,832
2751,244
2752,666
2753,165
2754,499
2755,56
2756,312
2757,1323
2758,202
2760,217
2761,666
2762,80
2763,668
2775,436
2797,1014
2803,418
2811,895
2812,1208
2813,216
2814,1609
2830,982
2831,1782
2832,28
2833,1511
2836,1555
2844,1430
2845,1604
2847,1761
2851,238
2852,202
2853,202
2856,202
2860,1486
2866,123
2868,123
2870,1350
2875,305
2876,305
2886,683
2887,1307
2888,99
2889,1419
2890,545
2892,1367
2897,1082
2902,1613
2904,96
2905,96
2906,96
2914,1533
2921,268
2928,499
2929,130
2930,499
2931,1697
2932,128
2935,1367
2937,84
2938,8
2939,1481
2944,1697
2945,202
2946,202
2947,202
2950,1216
2954,677
2955,502
2956,1110
2968,1660
2976,45
2982,1666
2983,1284
2994,196
2996,229
2997,154
3002,499
3004,1216
3007,1481
3009,223
3010,885
3011,1020
3015,1807
3017,1791
3020,683
3024,1713
3028,312
3036,1697
3040,422
3049,450
3062,1386
3065,90
3066,1847
3068,1734
3073,1453
3080,820
3082,323
3083,975
3084,128
3089,794
3090,849
3094,1216
3098,1081
3102,23
3105,202
3109,1816
3111,1318
3115,592
3116,1300
3118,1113
3121,683
3125,1359
3128,683
3134,1760
3137,817
3140,312
3141,683
3142,117
3144,1586
3145,1254
3155,675
3157,1598
3158,1598
3159,696
3166,637
3167,1475
3170,686
3171,1458
3174,1475
3176,1685
3180,102
3185,453
3189,1632
3196,326
3205,1693
3207,298
3215,661
3217,1065
3219,1411
3220,1807
3221,1807
3222,1807
3223,1807
3224,1807
3225,1807
3235,1800
3240,1806
3242,1803
3245,1791
3246,1797
3250,1106
3251,696
3260,683
3261,28
3263,312
3273,1317
3275,312
3276,313
3277,273
3278,844
3281,376
3282,1825
3283,855
3284,1347
3286,1735
3292,1237
3296,202
3299,67
3300,1131
3301,67
3303,308
3305,784
3308,497
3312,1110
3314,1475
3315,849
3325,1532
3339,1250
3340,1250
3342,1367
3344,1391
3347,1646
3349,1710
3350,49
3352,1822
3353,661
3360,1481
3361,523
3369,84
3371,1697
3374,1506
3375,667
3377,1020
3396,1208
3397,88
3400,1846
3401,1846
3412,28
3418,894
3440,164
3792,88
3808,1070
3818,1020
3822,1150
3823,1110
3825,478
3826,284
3832,880
13,1417
18,1056
21,1766
23,610
26,1501
27,1811
29,337
34,312
41,1115
58,28
61,224
73,1430
81,67
83,1544
93,35
105,698
107,832
122,1511
130,1501
155,67
162,1847
170,1065
173,1216
175,501
176,312
177,326
179,238
183,1450
184,263
185,1323
195,1822
207,1481
212,1552
213,443
216,1604
224,1088
228,1062
233,1059
236,1427
256,1360
264,563
279,502
280,1511
281,1595
282,1227
284,895
294,697
295,1110
296,727
299,884
310,1227
315,227
317,610
325,340
336,245
343,1481
344,1697
355,1811
360,875
364,931
366,1732
369,1490
370,95
371,346
380,1551
384,32
385,1546
386,1546
405,885
406,885
409,1682
410,696
415,429
417,28
420,80
424,1361
426,1593
435,35
446,334
459,499
469,885
473,696
478,531
499,1697
511,1578
512,49
554,865
556,227
558,28
559,1318
561,1735
578,234
604,1735
611,668
612,28
613,1506
622,1579
640,1088
655,28
659,95
664,1276
665,1318
666,1732
667,1442
671,1481
681,1106
682,1429
684,665
701,639
703,603
707,844
708,844
715,1604
743,975
746,1059
754,1847
761,28
771,422
773,422
777,274
799,1267
816,1368
826,1500
827,1548
828,275
831,95
838,1608
845,437
853,28
860,1318
863,1061
871,1062
900,1566
902,326
915,1560
933,884
966,341
968,28
979,795
981,376
993,62
995,1144
1014,67
1032,1368
1042,1511
1045,171
1053,28
1068,1468
1070,653
1074,844
1081,1282
1089,1129
1095,1847
1101,704
1108,847
1126,346
1128,1317
1138,1811
1165,181
1186,28
1191,128
1192,1285
1224,1458
1242,1578
1253,35
1266,1574
1269,1697
1279,1419
1282,165
1290,1110
1304,1355
1307,1317
1310,1075
1312,603
1314,1075
1315,1061
1317,1574
1324,312
1326,1067
1336,109
1346,844
1348,741
1352,819
1357,426
1364,227
1373,1227
1377,1575
1386,889
1387,1558
1391,1028
1394,312
1423,1356
1438,1088
1439,1088
1441,506
1443,181
1446,181
1449,573
1450,273
1452,1081
1453,1109
1458,429
1459,429
1460,696
1478,277
1481,285
1488,1317
1489,361
1490,429
1498,1577
1505,829
1506,1697
1521,1615
1546,991
1558,1791
1559,1791
1571,1847
1575,1467
1623,847
1624,1579
1625,1067
1629,315
1631,1735
1637,696
1639,977
1641,1073
1644,977
1656,234
1675,1574
1687,67
1691,1536
1692,227
1720,1724
1748,418
1755,1578
1801,346
1822,1316
1825,1577
1828,1216
1851,1419
1910,1590
1921,312
1923,525
1954,1003
1959,143
1984,1429
1986,131
1988,322
1990,273
2005,1294
2009,1262
2013,1216
2040,1481
2062,273
2069,794
2087,1360
2089,202
2092,1323
2093,1586
2094,1811
2096,977
2097,1432
2103,28
2130,940
2131,1604
2133,1709
2139,1115
2142,11
2143,1323
2162,1586
2168,1367
2172,499
2191,1511
2198,872
2210,1277
2220,895
2222,685
2231,32
2248,1604
2257,1053
2259,1131
2273,1592
2274,1361
2283,1586
2304,757
2316,305
2320,171
2324,1732
2329,1811
2330,1575
2332,1001
2336,28
2348,1807
2350,1807
2359,1544
2374,881
2380,1481
2383,1506
2384,28
2394,696
2398,1579
2400,1375
2401,1378
2403,32
2408,286
2410,202
2419,696
2423,784
2440,1511
2445,1511
2457,563
2458,563
2459,1654
2460,1262
2463,1501
2465,1427
2483,1099
2485,1595
2489,1377
2492,668
2534,795
2535,1444
2537,312
2542,312
2564,696
2565,237
2566,165
2567,890
2569,847
2575,855
2576,1845
2580,305
2590,1489
2596,984
2601,1506
2610,702
2611,696
2625,603
2641,1008
2657,1368
2658,28
2659,234
2660,1214
2669,444
2670,1622
2676,1478
2682,327
2683,327
2684,1368
2685,1368
2701,1406
2712,1053
2720,312
2730,1250
2731,1586
2733,232
2739,286
2745,1405
2751,239
2752,1811
2755,1110
2756,23
2757,1428
2760,1811
2761,1105
2762,849
2763,649
2813,508
2023,265
2814,537
2830,344
2833,1227
2852,1811
2888,97
2890,1194
2897,1846
2905,28
2906,1020
2929,1317
2930,312
2931,1511
2937,29
2939,1378
2944,1811
2945,1323
2955,1735
2956,1821
2997,28
3002,223
3004,1262
3007,523
3010,883
3017,1807
3024,1712
3036,1481
3065,273
3066,371
3073,1735
3083,276
3084,1061
3089,840
3098,515
3111,1816
3118,1020
3144,1062
3155,1453
3159,1598
3180,94
3215,1735
3219,1214
3221,1791
3222,1808
3223,1791
3224,1803
3240,1801
3245,1807
3250,338
3251,1711
3261,1061
3273,499
3276,378
3277,191
3281,28
3283,532
3286,1532
3292,1687
3300,336
3301,51
3312,696
3315,413
3340,499
3347,1701
3349,539
3350,1777
3353,1735
3361,1481
3369,1594
3371,931
3374,502
3377,663
3412,1697
3440,1025
3808,666
3825,1373
3826,1367
3832,881
29,63
83,869
122,340
155,1504
170,1082
175,1076
177,1574
183,1834
185,1811
195,668
213,1776
216,1017
224,1444
228,1374
233,1081
264,1262
279,28
280,340
281,1586
282,83
294,881
295,231
310,1481
325,1481
336,1849
344,1481
355,205
364,1082
369,847
380,724
386,231
406,165
409,885
410,885
420,975
424,1593
426,1361
446,327
459,323
469,889
473,849
499,1511
556,809
559,460
561,28
578,1583
604,109
613,1531
640,893
666,67
671,340
682,1574
684,983
707,809
708,809
743,813
746,1594
826,1062
827,796
828,1526
871,1572
966,1067
1042,1481
1045,519
1068,1025
1070,964
1089,414
1095,412
1101,701
1138,217
1165,704
1266,1578
1269,1511
1314,1061
1324,227
1336,32
1346,202
1348,1070
1364,165
1377,1711
1386,879
1391,1584
1441,520
1443,931
1446,1595
1452,1846
1453,416
1459,849
1460,1317
1478,169
1481,231
1506,1735
1521,1214
1546,1621
1558,1803
1559,1803
1571,1732
1623,509
1624,1574
1625,1574
1629,1405
1637,346
1641,1617
1644,1617
1675,1578
1692,312
1748,1110
1801,56
1984,1578
1986,834
1990,171
2005,31
2040,1227
2093,63
2096,1075
2097,1065
2130,67
2133,1090
2191,1481
2222,293
2231,855
2248,35
2274,653
2304,1020
2320,346
2348,1791
2350,1791
2374,1711
2383,1697
2400,1065
2408,818
2410,1323
2440,340
2445,1227
2458,1367
2465,28
2485,1586
2492,1506
2565,696
2569,223
2590,454
2596,350
2601,502
2641,1365
2660,1618
2670,862
2683,1588
2701,1526
2731,1083
2739,298
2745,1604
2757,1576
2760,1360
2763,238
2813,326
2830,1600
2833,1481
2897,515
2930,227
2931,1481
2937,1227
2945,1811
2955,1697
2956,1504
3010,890
3017,1803
3065,1354
3083,808
3084,1567
3144,1065
3215,28
3223,1803
3245,1803
3250,1074
3251,1682
3276,1245
4197,1974
3283,28
3300,1082
3349,1786
3353,1382
3374,28
3412,1511
3440,1468
3826,849
3832,882
122,1481
155,224
175,1278
177,977
216,28
228,1378
279,1697
280,1481
281,326
282,1481
294,889
310,340
325,523
336,1557
355,1106
369,265
386,32
409,888
410,1681
420,1035
424,224
446,334
459,312
469,886
473,165
499,1481
556,957
561,1697
578,1575
613,1735
640,1822
671,61
682,1054
828,1709
871,327
966,1732
1042,523
1045,310
1070,1735
1138,1324
1266,1429
1269,1481
1314,1574
1346,1109
1348,28
1377,696
1386,881
1391,1129
1443,1604
1446,1586
1452,495
1478,668
1481,32
1506,1511
1521,861
1546,1615
1559,1795
1571,231
1623,1416
1625,273
1637,1541
1641,1070
1675,1429
2005,237
2040,340
2093,1062
2130,21
2191,1227
2248,1070
2348,1803
2350,1803
2374,224
2383,1511
2408,1444
2440,523
2445,1481
2465,1481
2569,283
2596,1486
2601,1511
2641,1812
2660,1619
2670,983
2701,1434
2731,1378
2739,273
2745,134
2813,1070
2833,340
2897,63
2931,340
2955,1511
2956,67
3065,416
3083,702
3251,847
3276,1550
3278,1001
3374,1697
3412,1481
3440,404
3826,237
3832,886
122,257
216,340
279,1511
280,257
281,1574
282,340
294,1110
325,28
355,89
410,881
420,1416
499,523
556,1246
561,1511
578,1578
613,863
828,796
966,1061
1042,323
1138,984
1269,523
1314,1067
1346,1709
1348,1850
1377,1110
1452,770
1506,1227
1521,983
1546,993
1623,223
1625,982
2040,1059
2093,1080
2191,340
2383,1481
2440,28
2445,340
2465,1227
2596,816
2601,1481
2641,28
2701,1597
2731,1032
2739,1676
2813,1586
2833,28
2897,1052
2931,45
2955,523
3065,1111
3083,115
3276,346
3374,1511
3412,523
3832,888
122,45
279,1481
280,45
325,257
420,696
499,28
556,1612
561,1481
828,188
1042,661
1269,45
1314,341
1348,1735
1452,943
1506,566
1521,803
1546,800
1623,1558
1625,799
2040,1069
2191,40
2383,523
2440,1227
2601,1697
2833,257
2931,523
2955,1481
3065,1551
3083,703
3276,1110
3374,1481
3412,45
3832,887
122,523
279,523
280,523
325,1227
499,323
561,523
1042,1735
1269,1227
1348,877
1506,1481
1521,1619
1546,983
1623,1560
2383,28
2440,1735
2601,1227
2833,45
2931,28
2955,1227
3065,18
3083,350
3276,1001
3374,523
3412,1227
122,28
279,1227
280,28
325,326
499,45
561,45
1042,340
1269,340
1348,340
1506,28
1546,512
2383,1227
2440,1481
2601,45
2833,523
2931,502
2955,340
3083,818
3374,1227
3412,340
122,502
279,45
280,1735
325,1061
499,1735
561,566
1042,257
1269,736
1348,515
2383,661
2440,257
2601,340
2931,1735
2955,45
3374,45
3412,516
122,1735
279,257
280,1227
325,1073
499,1227
561,257
1042,45
1348,1697
2383,1735
2440,45
2601,1061
2931,257
2955,28
3374,257
3412,1850
122,1227
279,340
280,337
499,736
561,1227
1042,1227
1348,1511
2383,518
2440,1850
2601,741
2931,1227
2955,736
3374,340
279,337
280,518
499,337
1042,337
1348,1481
2383,1085
2440,518
2601,518
2931,336
2955,1847
3374,337
279,1070
280,737
499,1085
1042,1070
1348,257
2383,1847
2440,1557
2601,1085
2931,1065
2955,516
3374,1070
279,942
280,1061
499,1847
1042,1066
1348,45
2383,330
2601,1847
2931,1073
2955,1085
3374,942
279,736
280,1079
499,330
1042,1072
2383,1433
2601,496
2931,737
2955,1181
3374,736
279,1433
280,1847
499,181
1042,736
2383,1073
2931,1085
2955,942
3374,1433
279,516
280,1557
1042,1085
2383,741
2931,518
3374,516
279,1085
280,440
1042,518
2383,337
2931,1850
3374,1085
279,1847
1042,1850
3374,1847
3848,1503
761,1856
3312,1711
3312,223
3312,95
3851,428
3854,1857
3855,664
3855,968
3857,1859
3858,1858
3856,1860
3859,71
3861,1684
3862,326
3863,1744
3864,1861
3865,1862
3867,225
3868,1866
3869,777
3869,1545
3870,1867
3871,754
3872,357
3873,1423
3874,1188
3875,1868
3876,1869
3877,1870
3878,558
3879,1450
3879,846
3879,1871
3879,346
3879,418
3879,1110
3879,1361
3879,880
3880,1872
3881,523
3883,1873
3884,683
3884,817
3885,1875
3886,1874
3889,288
3891,116
3892,1876
3893,1877
3894,1878
3895,1879
3896,996
3897,348
3897,894
3898,1880
3899,1881
3900,19
3901,1453
3902,840
3903,1882
3904,198
3904,1454
3907,1884
3908,247
3909,1864
3909,1522
3910,1885
3911,1886
3912,1808
3913,1887
3914,1805
3914,1806
3914,1801
3915,77
3916,1792
3916,1807
3916,1803
3917,1553
3918,1888
3919,1889
3973,1890
3974,1891
3975,135
3976,38
3977,540
3978,1892
3981,225
3982,288
3982,786
3983,1
3983,996
3983,1843
3985,1372
3986,1828
3988,995
3987,654
3989,1562
3990,371
3990,1847
3990,1732
3991,1893
3992,1744
3993,1477
3994,1604
3995,1894
3996,571
3996,1317
3997,571
3997,1317
4000,1895
4000,683
4001,28
4001,257
4001,518
4001,523
4001,45
4001,340
4001,1227
4001,1481
4001,1506
4001,1511
4001,1557
4001,1697
4001,1735
4001,1850
4004,1901
4005,1896
3906,1896
4007,1541
4007,346
4007,1110
4008,459
4010,1479
4010,21
4011,1900
4012,1232
4013,673
4013,905
4014,1897
4015,234
4015,422
4015,1318
4015,1899
4016,1898
4017,28
4017,312
4017,1355
4017,1116
4017,1490
4019,1238
4020,1903
4021,1904
4022,1902
4023,1062
4024,1085
4025,1905
4026,1557
4027,1599
4028,1906
4029,1846
4032,120
4033,190
4033,88
4034,1535
4035,225
4036,1689
4038,1463
4039,1907
4039,1908
4041,1909
4042,1910
4043,1911
4044,1317
4045,305
4045,1912
4045,1348
4046,635
4047,1913
4048,1744
4049,583
4051,1020
4051,371
4051,1732
4051,1847
4052,968
4053,225
4054,1915
4055,673
4055,817
4056,420
4057,1914
4060,1639
4061,1916
4062,190
4062,88
4063,1917
4064,1131
4064,257
4064,1844
4064,537
4064,1481
4065,1919
4066,1918
4067,266
4067,894
4068,288
4069,1317
4069,1744
4070,1317
4070,1744
4071,288
4072,683
4072,817
4073,1920
4074,1925
4075,1922
4076,346
4076,1110
4077,1923
4078,1933
4078,263
4078,1930
4078,1110
4078,346
4078,1847
4078,32
4078,67
4078,1927
4079,1926
4081,1928
4082,1122
4083,1931
4084,266
4085,815
4085,927
4086,1865
4087,1932
4088,1744
4089,1934
4090,968
4091,1322
4092,569
4093,1935
4094,634
4095,635
4097,955
4097,894
4098,894
4098,1046
4099,348
4099,894
4100,894
4100,1936
4101,894
4101,1936
4103,1937
4103,1938
4104,1020
4104,1252
4106,1939
4107,1940
4108,1936
4109,1941
4110,1942
4111,1744
4112,1943
4113,1944
4114,1802
4115,1471
4118,28
4118,1697
4118,1511
4118,1227
4118,1481
4118,45
4118,257
4118,1945
4119,1947
4120,1352
4121,1564
4122,553
4123,1099
4124,1950
4126,1951
4127,1856
4127,819
4127,1953
4127,205
4127,1735
4127,28
4127,1952
4128,1317
4128,1475
4128,1766
4129,1863
4130,1924
4131,150
4132,163
4135,1954
4137,190
4138,346
4138,882
4138,880
4138,313
4138,1110
4139,1957
4140,1958
4141,429
4142,1510
4143,1959
4144,625
4145,696
4147,777
4148,771
4149,1788
4150,1916
4151,1880
4152,1960
4154,1961
4155,535
4155,683
4156,1962
4157,1043
4159,502
4159,326
4160,1157
4161,1963
4162,625
4163,38
4164,673
4164,1247
4166,1272
4167,1825
4167,1088
4167,668
4168,1020
4168,1073
4169,1322
4170,1964
4171,1334
4172,1442
4173,28
4174,88
4174,190
4175,1658
4176,1099
4177,569
4178,1965
4179,234
4179,1966
4179,97
4179,268
4180,1554
4181,1967
4182,1698
4183,1775
4185,1968
4186,1148
4187,1000
4187,1725
4188,1969
4189,128
4189,1067
4190,1970
4191,1852
4192,1851
4195,1172
3563,1971
2023,346
2023,696
2023,883
2023,1490
2023,1973
3734,1348
2441,1506
2441,1731
2484,837
2781,1360
2781,202
2781,1323
4198,673
4198,817
4199,1553
4200,414
4201,459
4202,502
4203,1975
4204,410
4206,569
4207,1976
4208,1535
4209,403
4210,1725
4211,196
4211,434
4212,1744
4213,1977
4214,1979
4215,1978
4216,1792
4216,1791
4216,1803
4216,1807
4217,1980
4219,410
4221,1816
4221,23
4222,1981
4223,1982
4224,1983
4225,1984
4226,1985
4227,1986
4228,1987
4230,996
4230,1
4231,1950
4231,1886
4232,1988
4233,1989
4234,1990
4235,1991
4236,1867
4237,747
4238,25
4238,502
4240,691
4241,1992
4242,1887
4243,1362
4244,1996
4245,1994
4246,1994
4247,1995
4248,1942
4250,1020
4250,1871
4250,1361
4250,698
4251,1853
4252,1997
4253,1999
4254,1998
4255,1846
4256,2000
4257,464
4258,683
4258,1016
4259,2001
4260,1438
4261,1791
4261,1792
4261,1803
4261,1807
4262,77
4264,422
4264,1053
4264,1685
4265,1809
4266,906
4267,2002
4268,2003
4269,825
4270,447
4271,1869
4272,1530
4273,2006
4274,2004
4275,2005
4276,1740
4277,1885
4278,92
4279,288
4280,2007
4281,2008
4282,1934
4283,1188
4284,1303
4285,2009
4286,2010
4287,2011
4288,1808
4288,1796
4289,2000
4289,1570
4290,2012
4295,151
4295,1814
4296,910
4297,2013
4297,1471
4298,1662
4299,346
4299,671
4300,1188
4301,2014
4302,2015
4303,2016
4305,1150
4305,1613
4306,472
4309,635
4309,1481
4310,2019
4311,2020
4311,2021
4311,2022
4311,2023
4312,2024
4313,1182
4314,822
4314,1127
4316,125
4317,190
4317,88
4318,225
4320,2025
4322,2026
4323,504
4325,528
4326,1424
4327,673
4327,1453
4328,2027
4331,2030
4332,2031
4333,2017
4334,1895
4334,683
4335,470
4336,640
4337,1939
4338,1250
4339,1888
4339,683
4340,1054
4341,1095
4341,1481
4342,2032
4344,28
4344,741
4345,1760
4347,1791
4348,1964
4349,1982
4350,2020
4350,2021
4350,2022
4350,2023
4351,198
4352,571
4352,1317
4353,2033
4354,777
4355,1465
4356,484
4357,82
4357,1349
4358,1527
4359,1527
4360,625
4361,2016
4362,2035
4363,2036
4364,1974
4364,2040
4365,917
4366,2041
4366,234
4366,883
4366,346
4367,288
4368,1980
4369,1744
4370,1636
4371,2042
4372,962
4372,1514
4373,363
4374,1280
4375,2043
4376,2043
4377,2044
4378,2043
4379,2043
4380,1142
4382,1818
4383,1255
4384,2045
4385,1122
4386,683
4386,817
4387,2047
4388,2048
4389,2049
4390,2050
4391,2051
4392,2052
4392,2053
4392,2054
4393,288
4394,1658
4395,1934
4396,225
4396,786
4397,2055
4397,683
4398,2056
4399,777
4400,1948
4401,730
4402,1169
4403,1563
4404,2045
4405,2057
4406,2058
4407,2059
4408,2060
4409,2061
4410,2062
4411,2063
4412,1274
4413,1314
4414,2064
4415,642
4415,1950
4415,1886
4416,2039
4417,1016
4417,683
4418,910
4419,625
4420,903
4421,414
4421,603
4421,1070
4422,635
4422,1317
4422,1475
4423,2065
4424,1308
4425,288
4426,1016
4426,683
4427,786
4428,2013
4428,1471
4429,2045
4429,1127
4430,2066
4431,2067
